0	ELKf	1
1	zCkQ	1
2	J7km	1
3	s4n3	1
4	TRVQ	1
5	C2bM	1
6	5Wcq	1
7	QsYG	1
8	HhWl	1
9	fnCD	1
10	gLCAs	1
11	AHN3a	1
12	kJQ0I	1
13	3Mlqf	1
14	0bgsM	1
15	Hnnot	1
16	xVdt1	1
17	E54r4	1
18	PscsD	1
19	RLYzK	1
20	Qk573i	1
21	AkFk8i	1
22	SYIlNL	1
23	BoXhJ3	1
24	pmvNNX	1
25	DNasjm	1
26	9QaMqj	1
27	m5heCm	1
28	Lbv8p5	1
29	u4FkEO	1
30	d8MoUk0	1
31	IlAAmjA	1
32	L9ml8pw	1
33	Z3re0iQ	1
34	EXcFudm	1
35	9jsxTIL	1
36	ry6QP1i	1
37	ZJJyZS0	1
38	aLkwqm9	1
39	3utCtHC	1
40	lRZRW4HI	1
41	dfhCEtrb	1
42	PqRXPgWm	1
43	56YpqdO4	1
44	GHdFK2Np	1
45	Fhfk7gwX	1
46	5hSKoxax	1
47	K3QWpjBK	1
48	SfWVX7ST	1
49	grkgTq61	1
50	9HdXxSot5	1
51	ynw35WyAB	1
52	JCod8Sl6d	1
53	ro2uueH9u	1
54	QH1aziIm0	1
55	Ybv2ruLAK	1
56	qS2LQn8Cd	1
57	t6iaK1XCN	1
58	KWr4ZvpBz	1
59	l6e3i6KCh	1
60	8WqGxJeAF9	1
61	AeMEXUw1kJ	1
62	w7BcZjxzJo	1
63	Fb6GJVOVG9	1
64	12yCqkitbz	1
65	56upmOfILl	1
66	YlZ10GrW5n	1
67	SYLE46PMPI	1
68	GA0lZF3uwM	1
69	e0DqruXoM0	1
70	bGPNZ	1
71	oMbi	1
72	fIivP81o	1
73	C97f	1
74	SHeRMF	1
75	C5lT	1
76	tTsd0dxKrb	1
77	FilOukmHf	1
78	0cFc8Rp2qS	1
79	iLeIb	1
80	SaUDW1	1
81	lCim	1
82	EnYKdP2	1
83	V58m	1
84	JFpUS7s	1
85	AmXpgwMkaX	1
86	zOZPYrIZc0	1
87	vUQKq6jm	1
88	GCxFgulMDD	1
89	Fdl56v	1
90	AB3u0	1
91	Dhk6S	1
92	Ya7aPgpl	1
93	Aj19d	1
94	sg610ffAzI	1
95	APSp3	1
96	1kmox	1
97	kcBJ5JEC	1
98	utuYIgfb	1
99	42Zg0Bn	1
